Workbook

Sheet Data
A1: GPAGEID | B1: REC_TYPE | C1: REC_TYPE_DESC | D1: SUMNO_ROOMSPERREC_TYPE | E1: SUMCALC_OCCROOMSPERREC_TYPE | F1: SUMCALC_INVROOMSPERREC_TYPE | G1: SUMARRIVAL_ROOMSPERREC_TYPE | H1: SUMCOMPLIMENTARY_ROOMSPERREC_T | I1: SUMHOUSE_USE_ROOMSPERREC_TYPE | J1: SUMDAY_USE_ROOMSPERREC_TYPE | K1: SUMNO_SHOW_ROOMSPERREC_TYPE | L1: SUMIND_DEDUCT_ROOMSPERREC_TYPE | M1: SUMIND_NON_DEDUCT_ROOMSPERREC_ | N1: SUMGRP_DEDUCT_ROOMSPERREC_TYPE | O1: SUMGRP_NON_DEDUCT_ROOMSPERREC_ | P1: SUMDEPARTURE_ROOMSPERREC_TYPE | Q1: SUMOOO_ROOMSPERREC_TYPE | R1: SUMNO_PERSONSPERREC_TYPE | S1: SUMINVENTORY_ROOMSPERREC_TYPE | T1: SUMREVENUEPERREC_TYPE | U1: SUMOWNER_ROOMSPERREC_TYPE | V1: SUMFF_ROOMSPERREC_TYPE | W1: CF_AVERAGE_ROOM_RATE_REC_TYPE | X1: CF_OCCUPANCY_REC_TYPE | Y1: REVENUE | Z1: NO_ROOMS | AA1: IND_DEDUCT_ROOMS | AB1: IND_NON_DEDUCT_ROOMS | AC1: GRP_DEDUCT_ROOMS | AD1: GRP_NON_DEDUCT_ROOMS | AE1: NO_PERSONS | AF1: ARRIVAL_ROOMS | AG1: DEPARTURE_ROOMS | AH1: COMPLIMENTARY_ROOMS | AI1: HOUSE_USE_ROOMS | AJ1: DAY_USE_ROOMS | AK1: NO_SHOW_ROOMS | AL1: INVENTORY_ROOMS | AM1: CONSIDERED_DATE | AN1: CHAR_CONSIDERED_DATE | AO1: IND_DEDUCT_REVENUE | AP1: IND_NON_DEDUCT_REVENUE | AQ1: GRP_NON_DEDUCT_REVENUE | AR1: GRP_DEDUCT_REVENUE | AS1: OWNER_ROOMS | AT1: FF_ROOMS | AU1: CF_OOO_ROOMS | AV1: CF_CALC_OCC_ROOMS | AW1: CF_CALC_INV_ROOMS | AX1: CF_AVERAGE_ROOM_RATE | AY1: CF_OCCUPANCY | AZ1: CF_IND_DED_REV | BA1: CF_IND_NON_DED_REV | BB1: CF_BLK_DED_REV | BC1: CF_BLK_NON_DED_REV
B2: B_FORE | C2: Forecast | D2: 307 | E2: 307 | F2: 440 | G2: 195 | H2: 0 | I2: 0 | J2: 0 | L2: 154 | M2: 0 | N2: 153 | O2: 0 | P2: 198 | Q2: 0 | R2: 554 | S2: 440 | T2: 36429.05 | U2: 0 | V2: 0 | W2: 118.6614 | X2: 69.772727 | Y2: 4289.6667 | Z2: 43 | AA2: 5 | AB2: 0 | AC2: 38 | AD2: 0 | AE2: 82 | AF2: 30 | AG2: 12 | AH2: 0 | AI2: 0 | AJ2: 0 | AL2: 44 | AM2: 46318 | AN2: 23/10/26 Fri | AO2: 0 | AP2: 0 | AQ2: 0 | AR2: 4289.6667 | AS2: 0 | AT2: 0 | AU2: 0 | AV2: 43 | AW2: 44 | AX2: 99.75969 | AY2: 97.727273 | AZ2: 0 | BB2: 4289.6667
B3: B_FORE | C3: Forecast | D3: 307 | E3: 307 | F3: 440 | G3: 195 | H3: 0 | I3: 0 | J3: 0 | L3: 154 | M3: 0 | N3: 153 | O3: 0 | P3: 198 | Q3: 0 | R3: 554 | S3: 440 | T3: 36429.05 | U3: 0 | V3: 0 | W3: 118.6614 | X3: 69.772727 | Y3: 3503.8333 | Z3: 36 | AA3: 6 | AB3: 0 | AC3: 30 | AD3: 0 | AE3: 64 | AF3: 29 | AG3: 37 | AH3: 0 | AI3: 0 | AJ3: 0 | AL3: 44 | AM3: 46319 | AN3: 24/10/26 Sat | AO3: 139.16667 | AP3: 0 | AQ3: 0 | AR3: 3364.6667 | AS3: 0 | AT3: 0 | AU3: 0 | AV3: 36 | AW3: 44 | AX3: 97.328704 | AY3: 81.818182 | AZ3: 139.16667 | BB3: 3364.6667
B4: B_FORE | C4: Forecast | D4: 307 | E4: 307 | F4: 440 | G4: 195 | H4: 0 | I4: 0 | J4: 0 | L4: 154 | M4: 0 | N4: 153 | O4: 0 | P4: 198 | Q4: 0 | R4: 554 | S4: 440 | T4: 36429.05 | U4: 0 | V4: 0 | W4: 118.6614 | X4: 69.772727 | Y4: 2329.3167 | Z4: 22 | AA4: 22 | AB4: 0 | AC4: 0 | AD4: 0 | AE4: 41 | AF4: 17 | AG4: 29 | AH4: 0 | AI4: 0 | AJ4: 0 | AL4: 44 | AM4: 46320 | AN4: 25/10/26 Sun | AO4: 2329.3167 | AP4: 0 | AQ4: 0 | AR4: 0 | AS4: 0 | AT4: 0 | AU4: 0 | AV4: 22 | AW4: 44 | AX4: 105.87803 | AY4: 50 | AZ4: 2329.3167 | BB4: 0
B5: B_FORE | C5: Forecast | D5: 307 | E5: 307 | F5: 440 | G5: 195 | H5: 0 | I5: 0 | J5: 0 | L5: 154 | M5: 0 | N5: 153 | O5: 0 | P5: 198 | Q5: 0 | R5: 554 | S5: 440 | T5: 36429.05 | U5: 0 | V5: 0 | W5: 118.6614 | X5: 69.772727 | Y5: 3274.0417 | Z5: 24 | AA5: 24 | AB5: 0 | AC5: 0 | AD5: 0 | AE5: 57 | AF5: 11 | AG5: 9 | AH5: 0 | AI5: 0 | AJ5: 0 | AL5: 44 | AM5: 46321 | AN5: 26/10/26 Mon | AO5: 3274.0417 | AP5: 0 | AQ5: 0 | AR5: 0 | AS5: 0 | AT5: 0 | AU5: 0 | AV5: 24 | AW5: 44 | AX5: 136.4184 | AY5: 54.545455 | AZ5: 3274.0417 | BB5: 0
B6: B_FORE | C6: Forecast | D6: 307 | E6: 307 | F6: 440 | G6: 195 | H6: 0 | I6: 0 | J6: 0 | L6: 154 | M6: 0 | N6: 153 | O6: 0 | P6: 198 | Q6: 0 | R6: 554 | S6: 440 | T6: 36429.05 | U6: 0 | V6: 0 | W6: 118.6614 | X6: 69.772727 | Y6: 3157.5667 | Z6: 23 | AA6: 23 | AB6: 0 | AC6: 0 | AD6: 0 | AE6: 46 | AF6: 11 | AG6: 12 | AH6: 0 | AI6: 0 | AJ6: 0 | AL6: 44 | AM6: 46322 | AN6: 27/10/26 Tue | AO6: 3157.5667 | AP6: 0 | AQ6: 0 | AR6: 0 | AS6: 0 | AT6: 0 | AU6: 0 | AV6: 23 | AW6: 44 | AX6: 137.28551 | AY6: 52.272727 | AZ6: 3157.5667 | BB6: 0
B7: B_FORE | C7: Forecast | D7: 307 | E7: 307 | F7: 440 | G7: 195 | H7: 0 | I7: 0 | J7: 0 | L7: 154 | M7: 0 | N7: 153 | O7: 0 | P7: 198 | Q7: 0 | R7: 554 | S7: 440 | T7: 36429.05 | U7: 0 | V7: 0 | W7: 118.6614 | X7: 69.772727 | Y7: 5467.875 | Z7: 43 | AA7: 14 | AB7: 0 | AC7: 29 | AD7: 0 | AE7: 56 | AF7: 6 | AG7: 14 | AH7: 0 | AI7: 0 | AJ7: 0 | AL7: 44 | AM7: 46323 | AN7: 28/10/26 Wed | AO7: 2108.7083 | AP7: 0 | AQ7: 0 | AR7: 3359.1667 | AS7: 0 | AT7: 0 | AU7: 0 | AV7: 43 | AW7: 44 | AX7: 127.15988 | AY7: 97.727273 | AZ7: 2108.7083 | BB7: 3359.1667
B8: B_FORE | C8: Forecast | D8: 307 | E8: 307 | F8: 440 | G8: 195 | H8: 0 | I8: 0 | J8: 0 | L8: 154 | M8: 0 | N8: 153 | O8: 0 | P8: 198 | Q8: 0 | R8: 554 | S8: 440 | T8: 36429.05 | U8: 0 | V8: 0 | W8: 118.6614 | X8: 69.772727 | Y8: 2854.2917 | Z8: 19 | AA8: 18 | AB8: 0 | AC8: 1 | AD8: 0 | AE8: 37 | AF8: 9 | AG8: 5 | AH8: 0 | AI8: 0 | AJ8: 0 | AL8: 44 | AM8: 46324 | AN8: 29/10/26 Thu | AO8: 2709.625 | AP8: 0 | AQ8: 0 | AR8: 144.66667 | AS8: 0 | AT8: 0 | AU8: 0 | AV8: 19 | AW8: 44 | AX8: 150.22588 | AY8: 43.181818 | AZ8: 2709.625 | BB8: 144.66667
B9: B_FORE | C9: Forecast | D9: 307 | E9: 307 | F9: 440 | G9: 195 | H9: 0 | I9: 0 | J9: 0 | L9: 154 | M9: 0 | N9: 153 | O9: 0 | P9: 198 | Q9: 0 | R9: 554 | S9: 440 | T9: 36429.05 | U9: 0 | V9: 0 | W9: 118.6614 | X9: 69.772727 | Y9: 3114 | Z9: 32 | AA9: 2 | AB9: 0 | AC9: 30 | AD9: 0 | AE9: 64 | AF9: 31 | AG9: 18 | AH9: 0 | AI9: 0 | AJ9: 0 | AL9: 44 | AM9: 46325 | AN9: 30/10/26 Fri | AO9: 140 | AP9: 0 | AQ9: 0 | AR9: 2974 | AS9: 0 | AT9: 0 | AU9: 0 | AV9: 32 | AW9: 44 | AX9: 97.3125 | AY9: 72.727273 | AZ9: 140 | BB9: 2974
B10: B_FORE | C10: Forecast | D10: 307 | E10: 307 | F10: 440 | G10: 195 | H10: 0 | I10: 0 | J10: 0 | L10: 154 | M10: 0 | N10: 153 | O10: 0 | P10: 198 | Q10: 0 | R10: 554 | S10: 440 | T10: 36429.05 | U10: 0 | V10: 0 | W10: 118.6614 | X10: 69.772727 | Y10: 4995.55 | Z10: 34 | AA10: 31 | AB10: 0 | AC10: 3 | AD10: 0 | AE10: 68 | AF10: 32 | AG10: 30 | AH10: 0 | AI10: 0 | AJ10: 0 | AL10: 44 | AM10: 46326 | AN10: 31/10/26 Sat | AO10: 4589.55 | AP10: 0 | AQ10: 0 | AR10: 406 | AS10: 0 | AT10: 0 | AU10: 0 | AV10: 34 | AW10: 44 | AX10: 146.92794 | AY10: 77.272727 | AZ10: 4589.55 | BB10: 406
B11: B_FORE | C11: Forecast | D11: 307 | E11: 307 | F11: 440 | G11: 195 | H11: 0 | I11: 0 | J11: 0 | L11: 154 | M11: 0 | N11: 153 | O11: 0 | P11: 198 | Q11: 0 | R11: 554 | S11: 440 | T11: 36429.05 | U11: 0 | V11: 0 | W11: 118.6614 | X11: 69.772727 | Y11: 3442.9083 | Z11: 31 | AA11: 9 | AB11: 0 | AC11: 22 | AD11: 0 | AE11: 39 | AF11: 19 | AG11: 32 | AH11: 0 | AI11: 0 | AJ11: 0 | AL11: 44 | AM11: 46327 | AN11: 01/11/26 Sun | AO11: 1071.2417 | AP11: 0 | AQ11: 0 | AR11: 2371.6667 | AS11: 0 | AT11: 0 | AU11: 0 | AV11: 31 | AW11: 44 | AX11: 111.06156 | AY11: 70.454545 | AZ11: 1071.2417 | BB11: 2371.6667
A12: SUMNO_ROOMSPERREPORT | B12: SUMARRIVAL_ROOMSPERREPORT | C12: SUMCOMPLIMENTARY_ROOMSPERREPOR | D12: SUMHOUSE_USE_ROOMSPERREPORT | E12: SUMIND_DEDUCT_ROOMSPERREPORT | F12: SUMIND_NON_DEDUCT_ROOMSPERREPO | G12: SUMGRP_DEDUCT_ROOMSPERREPORT | H12: SUMGRP_NON_DEDUCT_ROOMSPERREPO | I12: SUMDEPARTURE_ROOMSPERREPORT | J12: SUMOOO_ROOMSPERREPORT | K12: SUMNO_PERSONSPERREPORT | L12: SUMREVENUEPERREPORT | M12: SUMINVENTORY_ROOMSPERREPORT | N12: CF_AVERAGE_ROOM_RATE_REPORT | O12: CF_OCCUPANCY_REPORT | P12: SUMOWNER_ROOMSPERREPORT | Q12: SUMFF_ROOMSPERREPORT | R12: SUMCALC_OCCROOMSPERREPORT | S12: SUMCALC_INVROOMSPERREPORT | T12: SUMDAY_USE_ROOMSPERREPORT | U12: SUMNO_SHOW_ROOMSPERREPORT
A13: 307 | B13: 195 | C13: 0 | D13: 0 | E13: 154 | F13: 0 | G13: 153 | H13: 0 | I13: 198 | J13: 0 | K13: 554 | L13: 36429.05 | M13: 440 | N13: 118.6614 | O13: 69.772727 | P13: 0 | Q13: 0 | R13: 307 | S13: 440 | T13: 0

Sheet Trace Data

Sheet WHH Briefing Sheet
A1: Date: | B1: =Data!AM2 -> 46318
A2: Rooms In House | B2: Guests In House | C2: Arrival Rooms | D2: Departure Rooms | E2: Afternoon Tea Bookings | F2: Dinner Bookings | G2: Event / Out Guests | H2: Non Resident Dinners | I2: Floaters | J2: SALES APPOINTMENTS x Next Three Days
A3: =Data!Z2 -> 43 | B3: =Data!AE2 -> 82 | C3: =Data!AF2 -> 30 | D3: =Data!AG2 -> 12 | E3: 3 | F3: 0 | G3: 82 | H3: 0 | I3: =SUM(B3-(F3+G3))+H3 -> 0
A4: .
A5: Guest Name | C5: Room Number | E5: Stay Dates from - to | F5: Comments/Notes | J5: Name | K5: Date/Time | L5: Value of Booking | M5: Event Date | N5: Reason
A6: Jo Mather | C6: 19 | E6: 23.10.26-24.10.26 | F6: Bride for tommorrow | J6: Mather & Sparkes | K6: 23.10.26 | M6: 24.10.26 | N6: Wedding drop off
A7: James Harris | C7: 18 | E7: 24.10.26-25.10.26 | F7: Groom getting married at Engine Shed, aware of wedding here. Bride will only come back after wedding. Bottle of Champagne in room. Allocated clean room for him to help with early arrival. Give menus to order room service breakfast for sun morning
A8: Jo & Malcolm Sparkes | C8: Willow | E8: 24.10.26-25.10.26 | F8: Please prioritise room as Bride wanting to move across at 12.30pm as has sandwiches booked to go to Willow and to finish getting ready
J17: Duty Management
A18: NEXT SEVEN DAYS | J18: Early Duty Manager | L18: ` | M18: Late Duty Manager
A19: DATE | B19: Rooms In House | C19: Guests In House | D19: Breakfast Covers | E19: Afternoon Tea | F19: Dinner Covers | G19: Confirmed Event / Out Bookings | H19: Non Resident Dinners | I19: Floaters | J19: Jamie | M19: Ellis
A20: =Data!AM3 -> 46319 | B20: =Data!Z3 -> 36 | C20: =Data!AE3 -> 64 | D20: =Data!AE2 -> 82 | E20: 3 | F20: 0 | G20: 64 | H20: 0 | I20: =SUM(C20-(F20+G20))+H20 -> 0
A21: =Data!AM4 -> 46320 | B21: =Data!Z4 -> 22 | C21: =Data!AE4 -> 41 | D21: =Data!AE3 -> 64 | E21: 9 | F21: 4 | G21: 4 | H21: 0 | I21: =SUM(C21-(F21+G21))+H21 -> 33 | J21: Early Walk Round | M21: Late Walk Round
A22: =Data!AM5 -> 46321 | B22: =Data!Z5 -> 24 | C22: =Data!AE5 -> 57 | D22: =Data!AE4 -> 41 | E22: 2 | F22: 15 | G22: 4 | H22: 0 | I22: =SUM(C22-(F22+G22))+H22 -> 38
A23: =Data!AM6 -> 46322 | B23: =Data!Z6 -> 23 | C23: =Data!AE6 -> 46 | D23: =Data!AE5 -> 57 | E23: 0 | F23: 5 | G23: 4 | H23: 0 | I23: =SUM(C23-(F23+G23))+H23 -> 37
A24: =Data!AM7 -> 46323 | B24: =Data!Z7 -> 43 | C24: =Data!AE7 -> 56 | D24: =Data!AE6 -> 46 | E24: 6 | F24: 4 | G24: 29 | H24: 0 | I24: =SUM(C24-(F24+G24))+H24 -> 23
A25: =Data!AM8 -> 46324 | B25: =Data!Z8 -> 19 | C25: =Data!AE8 -> 37 | D25: =Data!AE7 -> 56 | E25: 3 | F25: 2 | G25: 4 | H25: 0 | I25: =SUM(C25-(F25+G25))+H25 -> 31
A26: =Data!AM9 -> 46325 | B26: =Data!Z9 -> 32 | C26: =Data!AE9 -> 64 | D26: =Data!AE8 -> 37 | I26: =SUM(C26-(F26+G26))+H26 -> 64
